id,label
538f267d2e6fba48b1286fb7f1499fe7,2
635a7d4b6358b6ff24a324bb871505db,2
aaf98d6bfe1932cf1a262812ca59d1ba,2
ad49c9ba6412452d9b25071af702f4fb,2
ffa2d7617b3eac3a1d7df01e5bb515a2,2
fb9daf0eae1ae83da62c2733051b6a5f,2
345d43d05fa37f72616336e93ab22629,2
d86b8c44d7bf9f43f898c175d7d548ee,2
ff4ded4c436c16de67a6341ae9d0db1f,2
18f129e447c4e1d209bbd02bd0709151,2
dd6e7f96f0aa459cb9598945e3d2abda,2
01b2aecb45e9169a739b7f5ef7f83710,2
1504398c01aa5f2d1edc96f461e06789,2
0558ee762884b8905d23c1a13bbd268a,2
b5a69bdd9ca4b2eddd49a8c9e3dca3b7,2
010afde9fad59e6982be497f8b77a681,2
c03c98061390360123650ed3f0c87403,2
453aacac5e923e1b2e3927ce3edd3947,2
6eb0f8636bdd626e99a9323ae9fb4e86,2
a87eaa7d53e15f82812faf1272548249,2
136833f90e9aa9f6e41f368045a21e47,2
75906065f9254c6cf3579f6e44118dce,2
93480252092b74cc20403c0a82b6d422,2
82c04803762c9df05f5439d88b0c2e7a,2
e4bc9b0a229899e7839ac0ea3af7efb3,2
bc53dcd11a85bd12358775ff75a3975a,2
bfd2fb61b8d50cd539c24157362b4720,2
1695980bc7704727718b664f3de2f169,2
9c2559dc6d818e5137ff8cd7d2326743,2
5c379bc3c39342cceee74a4383e9a432,2
97d12246b41c74fbfd178a9de5c23c11,2
2d538f364fb7601f15dcacbd987020a4,2
1cad9148c0d30b21c3fef3424b706190,2
542b9ebd293173de12c22bd22a5f5c2e,2
a4d84ac9acf1705fcc88fab15403cb07,2
f72d6ccfcabe04efe4eeb581e0cb1c66,2
37d14edb492b55145feeeada20b90517,2
99d323394707e9cc6b1db9e9ff8970df,2
c7c0c588d2685ecde0e82fe9c4efeb53,2
fc7b2d4ebb8f7129b40c91bf2f09152e,2
fe6b57527ef631abee7ca912468cf4d8,2
6b212f2820d216b6ec7fb9960a6d95f4,2
120de2aebb05312072da337e3f80ba53,2
3a10cf60c01862ec77f6750b57eed3ed,2
64cd76c4f12eebbe08379b7513c8ebeb,2
cc7f1c86580e75a4e6c496405734aed3,2
fc6c50f5eef7c40e0a50ae8929577119,2
01d6f1f4df67baea25a0629a0d3cd14c,2
5e0545000048fbe61b3695fd9a8bac10,2
0237ed35c6afcb2cf6e5e900354e1cfc,2
55f890778dee4d8e95a77e3a45f5e528,2
7cdffea3cb487737f653133cf755a845,2
5d3a6b6f451254366c6e0cc7429b6a46,2
6220c6c04dc7a51ff57ee43bf2d659f9,2
fb7351e74b50940edbfdaa5f6dc4ba1d,2
96229a4902306cbc81000ffdf63d03a2,2
bc113549fa1955b66c806e4bd72f9631,2
d9cea414cc371a828e71efd43ec702c5,2
ca8e46fdc61ab4902cb3851fd9b1987b,2
e086849611092b3b905b9a1166654ea7,2
b46140d99bff3bbaf6061966f63ae0b3,2
e28f082ec1800a275988dbed63681eb0,2
eaad86ae8ec89402ed5ab44616edff68,2
f1ace2ed519f78579a2a19ca3c71dd7a,2
fdb3feb0221bf7e3bafd8bd97b7f1319,2
443a8784e93b03ea5a8e12e09547f5b5,2
3bc37fb840a2a7f268f19a27fd3ca0f7,2
ea76003fddd1169460788e98e5b1607e,2
1a14d3d6964666503241ee4df81192a5,2
ed28482a4d21066654ffe1a888fdb1f8,2
8ce64e13605590b23ec97ddfbbb0419e,2
646fa34190f97a8c4ab31f792513a5b1,2
b7cbdc4db160f653f49e462fd0a571d2,2
932a1c554c0ab2baea98d33965ff995e,2
38e78d496a54d0675b475ed0018d385b,2
b798c90e6a44aec641b2e5c27e70fb56,2
85cf0acef495f52acae5fec3c72117f1,2
6c018f4c6e29da584ccad5378c6ce2ad,2
dc159350c2d7d378ee5487229733f889,2
cc38f66b267aa48f443e7fc202f0eb6a,2
ac8005f0f5ce1bfcd8b0f80b331911a6,2
61d3870d188265db10bafb115177cec4,2
7164295bd64f476576ab17878a23cb22,2
ca15401077d457c2dec171b70f384224,2
9287187e003bbd659477983e6e8d2992,2
97560361e2c6d0c1c02f7cd80c193efa,2
02696085d4dab115332309a6d43d27e2,2
3a2b3dbfbbb31bb2db1d6bc6185d1707,2
8c159233c1275b321742bab9b6ce21fb,2
d9a9647607c635ba4234e15b50ae7726,2
796bdbd540518dc8f5483ea7d442eaf6,2
a8a67eac211430028f5ef809795761c5,2
50240e1535c094419ec6e568aa9b2851,2
07177d72440598837f0197f578ff9a85,2
2c1768c7973e059e7e16b3ef66cad70c,2
3d6039b81bc08c7550e0efd9b268707c,2
b30eec648abc0105f2af25b280bd1bd6,2
eca5aed09e9df1cbd7c44cbcbb12ebaa,2
5eaa34d795bab64c5661ba4f3a9dee46,2
41fb236341a7081cbd73381cea4fc5ce,2
640f0b280b4e247e0f76537a7ae6ac08,2
ab4f823e6330a592e46578ac79b99722,2
ed7ca18dfe21d9c6bbec7a37db9752a6,2
fa36d2e93f8e575e780cd9eff9270773,2
330234d5d122494406c2714f968a4456,2
774400163f53a39c9ddd7ce8caf0e520,2
72ae4fba171b1849aa8a1ef236837f53,2
5118a3cd9c68d18c7629c64f343dd314,2
87688ff49304748628d558dd9aab0910,2
4930489e0f2cdff904621c8e2f0a209e,2
cb896db6f1983b3b126d6d96c87f6ac9,2
e3948ebd068350686b26a88bf8eabfc7,2
89b0eb066d92312bd6320c8cbda03983,2
0b7669046d2a6c5efd6c3cbf9af704bb,2
f1222df3636a37c053034fa25fbf16b7,2
d29e45f33c1159f3fa75f2a0c2779971,2
479787d2d3f41f9247ab5d8b1c48694a,2
c698b51f8d70a8538400a2f0b04ad3eb,2
7cc176ea088c8529e6db5c8e2701b754,2
a2ea1037e804f74ce536fef01d005cad,2
2f6f11af450ff549f3f39ea9248cb568,2
7798837d3f6810f945f2cca866b011b3,2
23851864963633d56167418d5dff175e,2
6924c8e462ae3d6cc39198a39d472a62,2
3eb4ebefa7f526a640b66e619de942c4,2
f7d74ae17e9ccdbe43d309c425bd0f35,2
6b2752dc25cc24a8478ddee7d4780e46,2
64f2cdc08676c4ca6b1735021857bc0f,2
1e9d2e7df5c4131c6668dacd5020a5dc,2
499c84e8453cdf9e3cfa3e8fd022398e,2
781db8c53f93e012341e1379defbced4,2
5dff823a638cf930cee6b2000cf15dd1,2
adfe3ac04aac3bfd6f9c9de115b81310,2
951f9f5c3cc4631d7c3b9a7d40397f61,2
d5b94c7029e53d427a7751098613a1f0,2
99dee109d6127cf6827a411daab5cd6d,2
e1d62d6cd6a6e4728c8c303ead9f97d7,2
e0871fd9490bf22959eb155a808c43ef,2
485e9c33b7a5c755dbf7a23b22728645,2
ac42a0e42bc34b514f62d7fb696970e0,2
2baa7c5ea269e0bef6c696861dd72be9,2
bf7dc54b8387cfa1489c2b12a49bb373,2
9270895f97315b7bfbc4f519ee28672d,2
e72b070859dc9b706d75f60c90e15878,2
3d19c7106b5ecf82bcf6f3940906e86e,2
a03a0a739b6437c001e103adcb0947ab,2
d87065e64fe89482624eb00350e49fa6,2
2ff8893ea33eba8fc56c87dd9bfa7671,2
eed2c69c86ac4bf95eb51d0e1c741a13,2
f1ea7e0c28b87d9fc95594eebb22d33b,2
e107079c24dd65dc8270c45ba7e34b6e,2
beeb3d7d021f42956279fa1f61eb3d21,2
08704b04fc6765eb36ef0af46939d426,2
5558e5babe819a5caf2a9511ede8511b,2
089485d13ad623f090994b916873925a,2
812619b02a301b902c3c01de29db7351,2
f47219d36326f5bd9be9bd94bc4c45b7,2
24cdd12c132a0e03e9b9b217cb41aac5,2
e5eea75dac6a397f3538e21fe9b19692,2
7112380e1bac821d84735dd180b810a1,2
0d49565fc1345b4e18503658d25966fc,2
cf67a2e62eb3f952032ba81c598a7f61,2
d5aea6ab38fd306d497726e5ae6b8fa7,2
4fc7d2b7c02587441967a5ca97706bb5,2
9c621447ebc22e0623b4d5af38b5904f,2
98d2cac4a372d128019072195c674c5c,2
b267ec153395df119324fd0a46f39051,2
617c16ed348844ab90dc1656f4c759b0,2
6ce3f60f1130fcb29802d620722db476,2
4e6205732ca2d07caa91ff6a15e608ee,2
b59a5556b7d09267e6bdca300b4980fb,2
e4e19ed2a9b1e8425aabb714562abb6b,2
dab8e1006c658137f93a81c3096077d7,2
84b1a44e605897a1a29ff42271b4529d,2
b58c6d168c1e2b6fcef2696c5689ba88,2
c74ef4c18dd6312581b46d4e5c611527,2
782cd237d3e9cba462cafda465ec8d17,2
f710d17e8862fb6c6ef8894fd02d700d,2
d61ed7ea5e2e3367c4bf3c015a517695,2
79177180211484d6493d16095a26d08e,2
8e96108c1dff042e15f1e4db1066d798,2
31ac0d0b599656250872a5047ea77deb,2
de037315e0c389da158c1b2402395cd3,2
0db01d4adc4ced2a85a34a18ca3ca143,2
258ad57517a8e6338bf4ff767f04e61a,2
ac63cab3d0ccc02cb379639c6b26b9b7,2
402e0c64c08ebb3a02622c342788a8ce,2
3c7816fb4554808e27aed22282c4c6aa,2
5c94f935f025034d354830ff7f2ff8ae,2
35c12eef2039395b42a14952ce55a8b9,2
1056ee069f10b102f37e0c2a6daeea9a,2
7c4083ffcfda720cb589fe4e30276313,2
baf6a698bfe559a33ca19c22e9ed5730,2
0bcd5d493d3c2453ad0d1d5f458fba25,2
f586ff1b9819a0b2bae8a1a46bd18c4b,2
836978060890efb34eab36de4343e9a1,2
774730f7f08f77805a4df107eb5e7797,2
8e3e3e7fd7442b5acff7a257c64cc1a2,2
f1573104cee363009d691f56df74ef09,2
c112b24ece8d78aedd94ceb209a003b4,2
9998b3c3b017a881874f4a5dc24874d2,2
37cd54832c8bfb02a5f0892852c550bd,2
4d84c1f8c4d6982ff1a4ecaf981d2777,2
244f00137da2159f5c64c2debf3d1ea4,2
f23501ca3532a5b497c81a7860bc61de,2
b260fef49466b314a33207c6dde34523,2
dead846444107fce2e95896a55a88af6,2
775f963773bb8875d6698b2d2533380d,2
bed4963f3e6d15b4aca564a588958744,2
9cd9ae009ba1b846450e88ed6eba4b12,2
e6f83f405b82a6498b202a90d0fed8d5,2
a358cac7e084acce025808e4395d84e0,2
b998847861aa48abf3faadcfdeb7ab5a,2
e298fa49cd391c27058c75564d0c6cf7,2
432429d017db23efe8ff6e0c232824c5,2
c1e22244c712df1259df69c9f338224f,2
2c0d4bf713c3a59a009d3264ab97eb06,2
38cf6ca372ce7a5e828ec89fe51cc709,2
6b4b9f27dd69b3804131286420735d76,2
c4e99e94b7fe5e140f5c0a8f04d28d60,2
7d39bc38e70edd46cd58ab49a46cccbe,2
6c16fbaa68fe7e05f57a7aa58bb36065,2
0be530e4a0deb0c99d865269c67207ad,2
541b8b017c82edda8bff39cffda3cb62,2
2db08b847a20d8e39132f0ef339d384a,2
c4edc991c97bd48658e5097ea02b2b38,2
e1f7d716379969f322520e0d646db594,2
6b3907a9051a69d7b6cadcf5f3a63fa0,2
bd887db0ca4f0b6bb52cb3f1ccba7114,2
296232b0f04b07c14aec609b74fde1ad,2
bf8801b38e42ce1ede483179223a0cfd,2
15a7369fd3001c33099ac8595e979ccc,2
5a6123b5b7dc98963e1470afd5968254,2
a378b03b17156f2bacf7e11d6b0231e8,2
6c87e0ff292bbbee3fe1891e9305f9e5,2
e903a21e8aaee331ff178d9321329aa9,2
92285129ebd658843a066aa7a96cf0c0,2
3a83a57972e3a9862f56436b70774ee7,2
8966581d4a9fc74dc631df36ddc60741,2
897e32e1a7aaa2e40f042ef2cd5aa3e0,2
4b5cee54b1977c64efe09bff72bfe54f,2
ec9068a816e84f30e65cca154f8384b8,2
70c38fd9790e69e036f5e19f09630731,2
5a7fe8fe0b8df0bd4d26d7650e8be859,2
feffd129aab06940c1375beb8378818e,2
8b94854cb8c369e8e288f4f5cd71b869,2
7a6826bb1c9e77382be711dd270ba028,2
169c85083776386dbe16a0c7cfdb9507,2
aab685a2326725f3726936134358ce0f,2
f6522df43c23197c59ab8d6913b6b583,2
ba0904d990237018b52cd0df29c11b59,2
8f3c259a0bd976e6b914c235baf60655,2
b7bc28639ed677173e13f50a920fe6d0,2
66ec7eeb8fecf336f3af7314b1eb5966,2
a848366b127a9b01b25467af50a08115,2
8d49e470b11f754bb54c91c97853b4c4,2
534abf08302661dbb38d3efa037cd75f,2
baf1e2f11ff68ff5ad554232da9085f4,2
561ed94c3e86f173b3280c47bb4b4bf0,2
0e0c68c8a9e61191e8bf940918f33a3f,2
cc8635001ca2cbedcbe5838b105c8826,2
bc2cc520f75ab5dc514fcb5e6223f449,2
42f8fecb96edfa9ccf24d225a844d810,2
5b8ed1095ac01da0c0c7f63cbce38e54,2
26cab5743d888bc2d7432e4473e843dc,2
34a468ab2b17a22362ed2ff0fcdd9da9,2
63d5ae835708c1afa20f769b3a9d4caa,2
7e771e256a07386057c95038e7f153c0,2
52221fed99f1e151a4fcb8e6c6ff3536,2
97bdb9e95fbf687b38bb1240f400b571,2
aebe907ba00d3b145d0b30acff12dfb6,2
f1f8dc54f49fca2b7da417c7121a3947,2
caf8461323bc5a99cbcb7a941f36f9f5,2
8f25f4ed25b733e9e70a86c937cadfb5,2
94c55c030c69b87d3c58326bc9dc5e81,2
ea572b6daae1aefbccd18af174cb0e9b,2
b612b3763090cf9db3766e8e9bb225a6,2
99c83beffd6273a663f7f12e3b9f629c,2
41d72ac1f46fdd07f449b05335a32d38,2
030eb7ca9bb8fb80eecdda26a151778b,2
52ca01ce27de26f5e84aa889dd88addf,2
124d8d71a8873ef8936717f5d23b3b60,2
e0c5ff5040739cc5bcdc27ca25fea689,2
99ceb028f18205cfc0b1d6e085f9b98d,2
39e693aa83bafd9bfe5a70fc5f26a920,2
188c70a433acc41113203331d0461789,2
9001fe2388fd76d52ac1c490f3604294,2
ae2d471d452ea97083cd385aaa16eb8f,2
646417da86360f20a3a313ef80711aa3,2
4056cbf8d1a86b37ebb5c02ad5a4aa28,2
df96647d6ba7e480cf851e2b7abee018,2
a8b801218ef9f6d49fab95c2fe4dd023,2
df1d4f1464036ce91131bb288d87feea,2
a041f1888a096ac36951147f815b9078,2
e39654550238f3633895f4f5410d6b76,2
d8468a4c4a66f3a6b2d9b3f4604013f1,2
68687f6540a0fef5cef1b852dba7b519,2
471d6b1d35e6f291b172b851f139f3bf,2
dea909895abf80597458e9b6ef251394,2
8e90273cc619aab7c72e2e08af535cc7,2
f192f1fd288a0c6a2b8336f0bfbcd873,2
f1f276fc6ce8be852a0d6ab2b98fe42f,2
4120228c17394ebf7d08a7a0732a6518,2
dad2cf5041738cb424cc45292f3ac05a,2
8faf5e34fa98b28885d12b6f88ec3754,2
cbb13442efadc2686036255b0a41da89,2
936d8f365f6a72d1822251cc80908680,2
7d2ca492ab289bd1a687d1fe2d6882df,2
632ed181b7039bd98b04f0ac3a2e7fec,2
5f0840f0ecdaba0487a5532b1ee78382,2
5bf060c8519feebe2987e79e1f0b5549,2
e07df45330950d1d741a9266d00e0ab3,2
946ed9be1e1407150a5a3f9904ef37d4,2
5d15838cf78cfaf5599e247bfab160ea,2
a8ab7489620a408358c9b07e0eed2c22,2
9bd09bb0a68dbcdde270f2c894790633,2
333b04c6ead31259c96b034f8f49030d,2
52c23be3c6c80ffd47127f443335964f,2
1bfbee0eab71127997adb78ebd5cafc5,2
d86a9c2c2163793af4d4a4338602e46d,2
d8d98742570c150194ece1c5e80fc6d1,2
25629abf599b2d4ad70ca63b98e57a27,2
78a56d1458e9ed12cf794cab214d1f3b,2
4efd9d5e15463a7688a17724105ae9eb,2
0f9f4a026cf20cc21ce81b34265d448c,2
2c33d7c4f03c7f98bf14b75ae028bb02,2
b4c0313f84890cbc4060cf4bda31709c,2
12a10b9dd9de2e90c27d2e5d79dfc72f,2
e3a86795b2a3907046afd24cb4873129,2
e82dd9d5803c1798108941089beea72b,2
278f080808e57c2fc9bb31f9c09ff4a9,2
eb05b17f9ebea1b3478986bc8c3e889a,2
cfb3aad3ebcc4ada32f2fd838dc0808f,2
255e61767eb5865d47eec5bbb329f64a,2
3ac0b2f8711b0f1f2847567b7ec34682,2
e880fd840f29ec5e77728522b2ed91f2,2
f2c0bd5be7458b026a986d90740b4b66,2
2a9e321cf1fcff905d563cb3c5a4d210,2
2776bf4e75761daa82028772181c13bc,2
f20234d8036eeb02dedb1bb58716671d,2
eada432aa33406772d8780adbf895e43,2
976c550868be845600dbb3090f198f28,2
7eb4ac0d0832c4705ab9d192dccaa20f,2
cd9d8838d974009d56a187670821fea1,2
30b15eb74dd4a904925f571a391c5dec,2
978b6fe1255dcc854c08ef30763a2a80,2
924de9b9912fb7de33af7c2aac94b4bc,2
2e31260047c98af136dba74baf132021,2
86c4f7563356ba7d7eb0983a9833f571,2
88540b1ef9a7078183c6d72273ee53e6,2
59f1e395e4d11fb397041219b60012e4,2
8b1ca832f9081b4ba1de35f21aa3e9bc,2
12c23d3b1137d2d107c33f84fad70fff,2
182d63c381e288b1c508741b6d13774f,2
3f832874fdc2b3c2f9302bc3f55ee26a,2
3f4a6f56d404d3f858a533aa8ef81062,2
d164bfec3d85d509dce6c903318600a9,2
6f4a8c4face0a9b958256c42f5be09aa,2
90aeb88f2f2e7e0fd77e271b43953fbf,2
c8a2372a0838045b0bb12edc99534f6b,2
db4020d42c8def4e37b6f6e6027cf962,2
11ad8c249134f37a9ca504d278a618b9,2
3f54ed35780bb473fb53288a9f6a9354,2
48a4f1fd8b005319c9c783c5624ff9e2,2
06b496c549cf0213495ed43f4d82ec2f,2
97bc93e790aeac1d99ffa42fafd9e002,2
bb33672204806d0e5cc4395505962081,2
746211757b963e1b056dba0d24a8e812,2
33adfd776605cb70283228cef4905be2,2
cc6022ddec4cfc1c4e229dd0ea588af7,2
ff6095cf6ffd781bd794000e93d503c0,2
67cc76178b2f27a06de136ac1fed75d4,2
4be5a2c2f1f2ca6535689d5a28e5dbf0,2
62152bc2e440d678f6871579acece250,2
39bbd7b5776c784abb10f3f811aa6bdb,2
9fc8d234afd7ad6ed1953d200b537481,2
ee49de3776cd4265c9cae24afbb9388e,2
bb685991fec0ca91b3013793d1e53b95,2
c72eedb9e644b144e33aaacb3b4e3b5b,2
cee0de2bcd73956d90dac721362b52a7,2
47d4211abda436c9a4654a3efd5dc78e,2
c53214e00af1169e231b17bd1de49019,2
b53efb5e12bb014f8bf50544457c7726,2
d7187184f664e9313c85293c0b902330,2
2bc251cc0fe296aa1f4bbc0d97fb7174,2
0632618e8fed160b4f101dbed67917fb,2
1b13472f54d48725ba51a3f8d18adacf,2
24b9c273bd6d3164304223b26bfd6d24,2
8ad593f00c4dd0a8b1aa3204ef9b0ba5,2
45483c02028d1419eea5ac67eab85e20,2
600b93d6a4a6f096a89d79bca881df5a,2
1faa32733f76868e7c637c3ced8ccb48,2
23bee473987c4ab7d234912321f1714e,2
85f0f909cd8763876552fbd61c02e7a5,2
3fdae1fb9573eca71ef47dbf8b8a6bf3,2
132230b69adb3f33e02ee8dabb374ce3,2
80ae966f9058c1fcf1c4313c59c61b53,2
6e8e1fda6fab5d5cf25079159d95672e,2
e91310dafeac1da2745c53661fd8c3a7,2
64082f694fbe72294532b89f5a4eea79,2
d0f24738ed67f9ff72a46f1b7911fb10,2
2343db1ff89ec98f368c3e5a1cbae734,2
fb4b1b38484bb7648d6016b3ef4d474a,2
df970e5bd2b7bd826cda4e7d4d1334df,2
94e88d7af2075b5d103ec4720fde0990,2
8bbca10288fbcc42e89ae0968d548031,2
74a579e88327cf34b2fa5b6bfa787315,2
2faed488bbcd34c7d2da7dc7bf27ea36,2
0acc860f25a18a3c281fc03c003fcb1a,2
1a9023d680932bf75acc67d6e404b036,2
578aef354b30867b54b254fe62afadaa,2
501444f17cb44bf5f735ab2a4a4c41bd,2
cb0dea36272ae1dfc8819bfcea1eaf49,2
f92c7d3534266a6e9377b38499235b66,2
244454aaf78755e190d91b8c0194c3fb,2
49defb86ad0078b1154fb88d3dae743c,2
94a6f76b8f5e94d801cf3450769e6329,2
0b582a28da0f8fba14b903d12553863f,2
3bbd918d754c2ba301ed14bc62eb36f3,2
ec4085a984c0f8fe52b5bb05362f8bae,2
5366c64614130379d5b5c23b2529666e,2
32aec011ed3dbb6da7bacd5d1dcb9d3a,2
62fa54455871792dbb979dbe01118d78,2
f71dc4b02f19faa474e8c1edcf983b15,2
7cfd329be53800273bbd6be1db26e3bc,2
7accb2ee0b094c265d4d98ac638c7cdc,2
a778128c1fa12e392e4bcf3854a2ea74,2
ef9ee3a53ea5cc5ee7e451faaa6b229c,2
13d68b9b5643c851062c2a7cb51f3fb2,2
79f2e9aa65a3a051c76acedb40e95dfe,2
49c3cf2f61456ef9dd4299e50d23e3f7,2
718d2d73587410953d7764461c6a2d3f,2
b09a07faee2d19c9892f10a7f157bbaf,2
53351efa7d16b1654c4cd8983aaad0d3,2
7be012a60e47b01a251c6de8b1c13947,2
8514429aa7945bbc63009185250b1865,2
748825e0d0379cd0aac151e3f83fe94b,2
4d76a494b1a59bee2337c6cd6a8c0b45,2
26fa2f8738600ca1f18ede8a7096932b,2
90e1bc2a12aff94b7c24a7112c691801,2
7c0f15d6b03148834c0d2dde00a634dc,2
6cc22cc84b787b3ab7399b84f0a08d76,2
c9dccfc22200c38e9e412359037bc4d4,2
f5f6f2bb0e1beb48d00e13e3e086e5a5,2
5ab9754bb38b40dd657c193ddc9e4b76,2
c50cdc89cb7868101cb7671ad0707d27,2
21489a51e2073afa4381320c56eda95f,2
d73dc2c3fcb2c10d7315b67caea291df,2
c415c8f113e25badc70dede6be17bdec,2
85f31efce59677cca448c845c32c2e74,2
7c4a793fc5950bc48db4b09ff07c2222,2
40bd3c4475cb188765188f8b08105cd9,2
51cdf743b70df36873a6039ae4150d4a,2
370fbbeab218ac7e2d8fbc89a3659ceb,2
caa562ad1dfc19bec81dfb92aa68804c,2
6fed6c76665f638aa512560785f6a5b3,2
ce0b9a461a915df93ee9a965a4f968c1,2
54857d20cce0923a52623c5010ba7a18,2
066ad3647a6e472b991dff2fcf03b08b,2
6a08b74fc9dfa4f3a436ccfef674b46c,2
d4757fbda74199d99edf28d786b685aa,2
0a6d24d3a84c56a00d8e770eac96a57d,2
73140dd4120559446511343313fce0f1,2
95ab834ecad83d805ea50441db709c5c,2
d5cdd70300920f41fee48ae153f31381,2
d87f4f416258ec2e0599e57ac69f9d61,2
464fd4943b892ab2ecb4b768076aa9bd,2
32c5d28992bc345c5ac494575e43f8a8,2
2fd769a7202e1488d011165822aeb106,2
0f4ebe1236cb6def37c0d23cf07fc807,2
8cc5cdb045ecc22c0257deb2dcc2989e,2
3096e8e394d654e43441f5736f437212,2
faa5d5bd7a974ec5c8b0582437540bb5,2
50b32f7d7643668634618ae164f3dc75,2
64b9f9549ef8d3c856cc9fb3a5c0dec3,2
d2c538f507dd9e903b5aa214386a2731,2
d93222b1e547d663b81d491489b20dd8,2
7a1aca85053744b8594c872f3e6b6919,2
0836e6651e8bbfd7a702d7b0aa1956fa,2
3c03aafcff9949aa94f11fdeb689a279,2
ccff507ed48eb6d7734724bd9816cfbc,2
59d7bb857646cf60bc515a7e50a7993e,2
7908c18c679e6041d284a4d247cd916f,2
cf99bc8c5b971590ab9006833a59e778,2
c67f107f5d86b76f0103cfc11d5c894a,2
fe1e0800531e818db71cb9f2f68864f9,2
40afb4b5197eef9e6991e4e267e4acf5,2
562f1153906efc77cedf13e476406f02,2
6738109f6a0dc6e87419ed7399de470e,2
6f5b0db5def217a4f18861a084428bd9,2
4005118f0e972f1e92118f82bbac4097,2
dd47a8b885a24791dea49359f766cecc,2
bc6e0d2d9e757cfc9324471f8119cc18,2
d8d81c4c62352279c5917342da0470c0,2
e11e0dda4e2af1acdb48567547de1458,2
e1a88f1716e40127da32d06ac631b3cc,2
f5c3bc1737360e91e1f0b147d568d431,2
831f840430936da6dbdfe1e1e3353df5,2
df6781dceefc8f37990595f73a2a8db9,2
44037b9489791d25b9cb17398d9e1282,2
996a37a3228d6267de86c1f80a0bed92,2
98253098092942dc73dcee00e5588b24,2
6909f757f9e288bf1b3d55279287b438,2
3eb8ab95adb130f77f61d751463976f7,2
ab1200f089b44d03ffd4b632e3cab732,2
a34b3cb00781cc67aa9107d12528c88b,2
7430d7662f0f22bd58d7cc493121b170,2
51e17658fa2787c3a56e856dffc63674,2
6d7b8fd586873516c47da7aa65a8f041,2
6780f244260762c074639d49c16e5eeb,2
eef2d8679e9140a8b422b2bb9fe19b39,2
28e7feb976cf811c17e57efb50b36f5c,2
31a818eceb45b6ef287c2c86a496494f,2
dc45e8717e9b61784844153986a8bb73,2
b3b1c90f728fd33264f6c8c2995c7cf1,2
b2706c54d02ee3bf0d6796d1118f37d8,2
716e0062941aabe769901e2aa5551ea4,2
5a0a3f6f92d866cd4ec7ca8f58fe170c,2
3c4c8de1d00e0ac74d5b5435a5b0f7a8,2
c8222d61f1e25060d55f159d5c1ddb20,2
87eda5561f1db5535654fee709dce278,2
b86f4e4d81dc8ff659b6cb7b6366bf2f,2
432dde4bfcc28e65fd91656b4e2671bb,2
bd6e6fc9ceff1e2e3992b0e5c7ddf863,2
e41647d4ca8a95a1165df51ceae495a6,2
9476489dca53f20912a4aa82d749859f,2
c19ae66b011c3cdc7398a125f4bd1a43,2
cfe9b0251965b19acb8477358546aca8,2
caf4bcca4a55334045a004355e9dd2c4,2
5d61f5078e09a05097d5327144228377,2
f8bbfd029871c1dba64a18f0b2dfc3f5,2
5e89d49570eee4ad7bf1f9a865d2b109,2
cd352c07ae53cf50856d5325c5fdf77c,2
f143ba4e5f9534f3665a623653c30671,2
3e41a6fe5e89f74724fcc19d79685ae4,2
7cb8bdeaa880b0e0b1c48e1e5d6f45e2,2
54d59a452bb7226ad7f09c0c6119672f,2
c1b5efd6ffaab6a1dfa1cb5667923ab8,2
5811d3af3b87661060961a99940d5b07,2
cfc44c4dd060585f3b0ee7add33d7188,2
015a89cea2a52f75833823ee42d24703,2
9e02535be650f7de522526077a772a6c,2
7b084e5ef220802c881b9df6c9e23922,2
21eb276ec58b7f5b096d95eac5da9f71,2
35eb3800561656136fa5853b1acd1641,2
c18a9ad08a2ed5ff08b53f04dc4317ed,2
133cc9814f445f34c636e4a5a41de66a,2
466d68cf0be429e5963913ca532a8db0,2
99f0ed1a936f9dd674073477637de6f3,2
e87f894db8be122998ee6a5938db1f37,2
1270def54acd60afd069879746212f9c,2
e7cb9ed12e7a99c6b8115ce5bec6e271,2
6d92805878055bea43b6ac423f1d7662,2
aefcf66479704b248c9e1851d6c9d271,2
8abb1f89fa3412b0a8517863ff653485,2
3c4f672b0ad55256a194357af90a0e05,2
b1864c746d9831edbe3d2600dbb88dec,2
225f0ada829c8f786d816e3963d015cf,2
6447803c8d3849defd6f14c79febbf34,2
d332ae57683333d79ad76c7c27febf09,2
4b7ffbc08fb1236e60cef851483bc91c,2
b563d40af5f68c16577f1757de06fcf3,2
a341d83c213edd9e119a7a18973dee8f,2
649edf7ae097425ab9d816eff67f77bc,2
3b30f27a7471bbc682735c7ca6cbbb35,2
6050ec5755be7bd64d1acf7c031abcee,2
c61bbae90413e47e120b10d2822eb581,2
c17d36fd527960fa1d7c40a1f93873c3,2
5af5477f8fe56eae8b90edf1fca3e536,2
359775cf49f61477b9cf43316a928acd,2
4efc77bb68d57eea934b08abae97a08d,2
6ed8d13a7623ed537c6bf0671faa4435,2
0f1b2f1a7914c1ff9f84c7916ac3c9f6,2
055b1a52bd885f9f2e3c6c15123cf685,2
b9b1f498bcb82c03ff72dab3caab278a,2
8951e63a48b1f71951a0224fc273e165,2
e30a6012a527d6275647b7db697385d4,2
60dce27dee091ef3255c6b0c6c6b87eb,2
71853eb2943cde19e14993610bfb0327,2
f10e52c847b007d2fe82791649116873,2
19ce44c02a9ea925659b88fe51fcd3ca,2
5f85293a6c8921f2108bcac6b959f823,2
869e878e03c5db8cf2d190dd36e02360,2
3de6ec9c05899ca524f9df9d01323f3d,2
02149ce32ac8b284b2f4952167bd99d9,2
c7ba1b509b40d61f885e63fd536866f0,2
10d5822b8aba9d1422e71afa79bebc94,2
5f5d917ab911480b00297119c946413c,2
5d131cd72646451fd4b587d4b396de22,2
e0859e070dd72d0ba8312f733b8171c8,2
f17d55a4b05935dd23cbd824f65caa34,2
7238432955143757b3b93c53a205c6f6,2
d34c981423ba70009583e29a6a9d2bc0,2
e68efc99bacc868ce4073a26595c07fc,2
9205c94dd7425031e218719b59de6aac,2
2fdd3811e00d573ebef0da9e67299f95,2
51c4e438bfe66f4f8714629bb13e965a,2
72fcc4aaa5302a221749afa09e0a6a8b,2
869ed04e69ce5bd38f71c2e3614dce87,2
417b16df0d80f6841dff3363aa2dfdcd,2
bfeafd41631ca42efbe4a0c8e35f8853,2
da363104e5ab4ed616b3bea46b047f25,2
460280a4729247ffd5c99807a9029b74,2
c3ebfb328255d459b5712aa0007ea98c,2
7f7f1b8aa738cacdaea360616c87dfbf,2
970efbd26a7bf3e644d6ce152e2fe1d3,2
288dcd62b25befd101c975643eb78778,2
cb606ae573f86232843b8bf95ab9ca2f,2
fa5693b3c229b4d34e07656ae5a7ae2a,2
5c77299be96666c52aa07ce0b70a4ca2,2
1f152d2ffe9ca4723baf4e6eb5ce582f,2
9a784380fdf178ad3bf16d8315dea8ef,2
334f3d01bd5c1ed557dac5072cb4a56d,2
b8f7fc8835710b410c9d579bfa09a97e,2
d2d5f5d71f8497c6b5df0c93e83a5767,2
924a0a834fbde91baf5a7a5f635a78b5,2
da12c779739d2bfe22d072172d8586b5,2
e47c1d9b43fea332cdfe54cc1f06652d,2
cd9c22f06b649f555bb5a4bbc928e8ae,2
fdb0a39c48742eb386234ed5c8c5d23c,2
a5a88e5bf3834e5a12ed2919dd4ea9f7,2
2f55206ed5a0156baaad22afad18c131,2
ffca4d1eb8e9114a471f5fe2b86515fc,2
57005c6df0ee5185b7c6a76bfb65ec1b,2
775589cd726277ff1033fc7a1fb0fb2e,2
3fffa207d7182ec7ea9802db328ec796,2
8cdde0558e6a5dd2524ea784b78baaa3,2
82f6f15654e0ec352156e753a8e8bb6e,2
1a1a0a962569433cb4f5a77a92196d17,2
28a6da3ecc848a497479866b6d77e1df,2
311c39fe47de71c0e89bdbdf1e753e28,2
4bd2319bf1e39d6003f697e4d58a9cd1,2
80b77f2f599682eecb7ed2b16d9bdbfd,2
e23b70813ed598d2cd8a31a183ba46d1,2
035a18c56a243372f6b3a86a8b8b9918,2
5b2a1c586f6258c8228e92ee333eb364,2
6b3dbe5515d8c64d0dc623aa853da463,2
5c1edf282b69c39597ce9a8397e1869d,2
98c8b3872bafe4275a657065f6d00f36,2
4dbdd8499bf7f2d30d69dddac5f763b2,2
c30eb1515dc55ef045162350ee0e7b78,2
ae53c853f21c1586ecf448a0f2533d21,2
170a8a53dffc34fee7974904a293bc1e,2
499d7bdf513b6fdda5ad5f0ebbec1d41,2
8d37a9e57206b2354e27d7fce966a33f,2
785b01711cbb16882f04a1baa2c72538,2
550233ae9abbc4fe75a1af2c459e2c60,2
eb9b2e1dcbede7095fb6013c3a2a0878,2
bc63abfd73d1141bbd22e4662bfd597e,2
61f5396684f969df260102a599a61c89,2
0a8fce2b5354e3b87e0159520e0e16c5,2
f680f8b9fd24c500bf847e603221dd2c,2
20f7574e8b99be38966860192b0dcb0a,2
9e3e9ea5594e8b5eb725d0e52f8d2671,2
0cd049942ff166c5d869c70969471ff4,2
73de12d9933ae92cb7c9545812177981,2
b80f09a3950058e39c9ae37b98653962,2
35be5c36d68ae56965db2c18ca276e65,2
3688f5397ed9b3a36b07ab00b62e0262,2
0566015ea8b1cd00e100845518e01346,2
421dac193e1b1907bd9b9d4db5af5bfd,2
80c5fee071a757a9eee137f20cae00e7,2
fa4ac6c9530884de06db98ea6252e0d4,2
d2cdfa6ac730fe246066e7b9bbbd17c1,2
fd93c3076ecdbf9d947c666f97b061a8,2
56080ba0d5d39a4a6275a9b6e61bf65f,2
6529e493ee03cbc2b6441f14490fdd10,2
863fa13c613945a9dcb2cb46b9d08cc2,2
321a95ca9691566afc5fe73ea2a1c1cf,2
c024f2f82d0ac63c9dc02be62cd1b3f7,2
5da7f341fbedcc73d46866a1612f2a4f,2
f707e9207fae7e7b11ce87ec7398aada,2
4705f8ce50845dddec4dccc41032f5ca,2
533cce118562e2d3e602a781e5abea93,2
7f8905c860225d9d9bbf6b02d564ab04,2
9f02d2a20a252524595b929c5b8e732a,2
73fcbcdeaa932a253a017eba9710c3f9,2
af0619cd8571ba6df1789c2fcba09fa8,2
84086f3e8c0495987d715852869fd274,2
ebd7bff3a3c6ab0e8be3f23f9e210f8d,2
dcfda6c5fe836407a185236904754e57,2
dd34c904a1b4bdb5335f8a65ed71075c,2
317c4f279814a5fd4f5fc051fdddc01d,2
0c650d87762bb80a1fa8138cb1db56ce,2
6a66121e7fdd6818d5b1f93026f5080d,2
e4c86a1fbb7da0884bc5fa379d224f71,2
727aa7eb6ec858da5df850ad41d96f36,2
3590a6539c79479aba3fdf4d117f35ff,2
b2ad8e2bf45cf252b39a83c2383766bc,2
bf5dd07ec99969bb6690d0199ffd3895,2
99a82fc5712b1dd69f55a2a4b5c62d66,2
356bac9d85be9dd1534d8bf45f7ea2b3,2
9e8cf9231ef1eb7f38b56aa29221a547,2
0dbf0d9fb69ebbb59835c23ff1dd6754,2
58f896a5822e5ce982cd65c1ffe23e49,2
f60fa88010eb4bdf140415057a736cf6,2
9d223668d8b20e5da598a79a8642e871,2
62cc0322d725b52cfeab0ab5b71a7acf,2
8804012e2d31e7312d9d57b9cd46d63b,2
a350abc1aac44448c9d706aee72d7353,2
922cbaea70ac55f1928c0b4debaf9090,2
ff654509655fcbd463ca87b81afd801c,2
d713fc9c9c7bb69a6a097a04e025eeba,2
0f53d91476a4afaa3597436023ab1848,2
63f552ecf8dee776b24991fb52cbc01d,2
95e4f8aea118eef1495dd45d4bd019e1,2
4acbda810e4f8c53366e038d99fecfec,2
3b008900ea31984abb24f9717645e6d5,2
003102d4c0e4307952f7a248932d8b55,2
956c5324583eb81d6d8d678ae3924043,2
96911c222a3af2941f16e605075ee6f1,2
798011c3563a88b46067c52d137fede7,2
058e9d6dbe04a5ef526563159a70c153,2
99b5b1d753e4d6736d9dc198adc91f47,2
185cbac8c4604e0023961bb512dd3b60,2
ffbb5a74ddaac6035899e55b07b2aabb,2
a77c7d82041a8d7508f4104738f47d3f,2
a82641f6aed9f957750cd282fec2484c,2
936e762458eebb1ce12fd02217835601,2
5563d2855ae08be5945ecb3f9fdbed04,2
943e8eef7a670d83aee93f55296bd865,2
1185e1326127154cc346dbabe3d24067,2
e9035d7dce1851fe1be8e5f0b2e03734,2
669297047fd68295a9dc470daae17ba9,2
c06d8e4595520b1be2c9fc0f90e197f3,2
384f3624031a22a3d376c8a6d6db4e9a,2
48ae70e95ccb6bda79e164bc2a12ef33,2
1b01022ac0121873f42fe6ceeca2dafe,2
aafe87363b07edc64e6a9035816082fd,2
37bfaf7c8572bbc1e1849634404884c3,2
cf1ced11abd7e520e36c9dc466ef59f2,2
6ddc8ed88ad0885cc2bab97d6046e32c,2
27fda2f1a6809b76bfe088cec3dbc588,2
421bb77f85b4f9d406ba74fe2b990694,2
e1fb0368655445290c5844b07e5ea9da,2
fa7cc8216e0b5b8911bf253f05443c35,2
f9492b01bd827f0e0e5b49c5c8eb8196,2
3dcfabd5b929ceaa2e8daf6ff4228fd4,2
a02a24eae4234875dc5d0fc8577f9fa0,2
6f8f9e0c71d77f7c10029fc9ed6e612e,2
03483be12d04bb1a013c94669653c351,2
959ba71982353ba30627504ea3668bd6,2
638fa48694820c43fa6b7622ebfdb533,2
d7b83277e6c77c6bb69901119193bb39,2
7da51f300c28d635986c6339cd887e1a,2
4ba0d5e8632989a58a094fa6b8888fcc,2
b22042037f9fccc6a23934a7fd0e36d7,2
90b511c7350bc72230f9421c973b8ce5,2
b29cf01f77d51dac9c5a32f803e959b8,2
75c1d73997c32cfc036c623a96a49ffe,2
f3303cf9dd29a5750538878bbc8094dc,2
f006da65270e0955e025a900833d0389,2
59cff7e7cbddd5feead2557fc67ca1fe,2
365933b6bd38ebb789f1727be2ae214c,2
5b1223843bad3d6b7688b0f1a928ef63,2
471aa97d7ccea2eac7559690f8f17a8c,2
1ebab4d2fea486326750ac0af4ffb67d,2
7bdefdd982af7b75c5c8366953d4b0d1,2
5cbad295edd9481a5f352881365a4ad0,2
5e2746c5a7078ff83063df6b26a01b80,2
409539e83f9f3af502827a1fdafee48a,2
17311909f08066f7c150cd3e9f50b9d0,2
f664b4fcd5239743a2cf8610c4685a95,2
913834605b970ea05a7610a24d9db1ee,2
88b0b5b56f4a33650d1d90413a13b2cf,2
26619297552059c632c686705e646ab2,2
97e91ab68b9880c2f8cbb1b5b4f9aa35,2
01b9639a535616d1a7ceeb1ee42b461a,2
e7f5913f143a4a110e76c584eafa5820,2
66534cbc48d1cdc0c932df3d25e8d80c,2
99a9c66dcbc27d3bd460d3bc652f1b92,2
55a79a0775e61ecf686fd1446c985c62,2
ac9aea82dd69e7d3c869616d5026bc7c,2
680942e2ffe22114e110c356e14f99d9,2
b78c1bfc7109132a3d1b0cac13dc25b9,2
c6828aa97a0a079cc7451a182a7925c2,2
04a06664b12d319592cc5de05ccb428d,2
0c703a76812d528d7292d653c7119da2,2
2f321f1897f38313af2cbb4f58ea9e2c,2
3861b21edb74ac07633f4a79aa873bb0,2
f3da5ed79fa5cca6ddd948c20e004b5e,2
d907980f96c93bc1af68ced2510c7475,2
200b38220fb8b4de354538583f87b845,2
cd42429875cd0b875cda82365fc526b0,2
afa1b27d0e814d6bbd50761b7d0ff25c,2
944971b77d62e41f4d9be974d2459002,2
59211c0eb1072bd2962540326f593fc4,2
fefd0b01aa829c709a372fbbdedb14e1,2
7daf27b332dddc2805fb110be744ec5d,2
7a0ca08a8590a945eb7ab8f3779bf107,2
0cf72fb681f45d9c4c5a2cc274a92af3,2
c4deba33d5b1ec87daa56d2e79c7fa71,2
4f2c72671a6246e87afd939f10a5effe,2
cc8df15d80a2e22cbb8f17294b514e6b,2
6c68dbd4b2918fd9e75393e25af98470,2
0812d61665569371cfd437859e697c62,2
5c2ee66eed908510d04531a88dcdfd62,2
782e6a341d6d3626ef10dd621c96cf8e,2
10f7f4202e9a697fbfc4f5d73e5b89df,2
06a38130d0276094d0ddeeb2cd48a6fc,2
0b25a5c92aa41cce9db41d0b0ad4b6dd,2
ad7b3ce342145e0df7d98d2c4002845a,2
140880b308ad614bc7fe6d74354591a6,2
1527e895b09e3f5860d4790f0666c759,2
db5277cfb01d8e93a206fc84d06842bc,2
52fbb56346b9cb0c4ae2acb3008e0468,2
3c1ff6b007ec876a58b400876cbcfa80,2
14321a68ed32437f37208dbf3e397c9a,2
224c873c0b55f2f487ba73ac45596b63,2
5d8362bc432ad4008d7ad3134da40b7b,2
fcf9bdb4a19a5a99c7f15bcae9f8217c,2
881f509c9cf05e6cec83f074414a47d0,2
75e64cdf487882e27f341f8a36f30a8d,2
c27ced27aa1bd08ad7edadcc7b04459a,2
764cc0730c67f3057f0f19fc195e26a2,2
f1a318f3b46052e570d1bd0c42774747,2
d9ba8f2b98c09378d48800a6465207c4,2
3a29eb30567cda586e6f52bf6032c22d,2
8ff6742d6b0c478d383cfacb1c5d506d,2
d6b69fb210be36139430e3c5d1403b23,2
aac3a10e4d382883bfb4a2c9dc7a2ba3,2
b4cebb89c2bbbd8365887c68088cc589,2
b6d4a4481ad51d47d925a499dc3d779a,2
f1c7e2e6a4daa83913629c1d313716a6,2
0597d9f36f369c913588f89049d9132c,2
10d67550d01b59cd7e91c5eea1439a7c,2
3745c2ed1491fd570759198409378fa8,2
9ecf0c73ba27fde5a453aa7126f8b93d,2
b7adbb6e0021fcd88a6b32131520f451,2
91ad2eba1e79d8e98c9ea4919bb3a1f7,2
1a9c599d6f89ab2638d03543eba56d92,2
1dd702c6be41410614ebd8d775d42a19,2
88b5db53cd7280e71534f7683bd1dade,2
11cdcea07e6a31d367ef1921131cfedd,2
92f842d1533ce073193d53e1323f8a7d,2
b74904444fdc7378a4a9260d63159df8,2
adf53383c16c0c9a4ec4b3f4124d36f9,2
bfd1415a8c2fdaf563333e1b41a6454c,2
a9eef40baf75f885586396387d3df5f4,2
45df0b205ef17ef2c2be27c33987e720,2
0ee86394409780cf31809abb839339a5,2
2c3b1b8a99412ad25321e94e394506c1,2
97453dd8b4779cbc0c733534f0c9ed09,2
7b7f1d2d0099b7b9982f2a36840f9ece,2
5f365b7097d8227313bfb884582fedff,2
acdab24e3d565da3638f083b176ca420,2
0a1f9f622e7137ea28863c93165e19d1,2
d43fc5c2094ccce8ab5f267730d9b28b,2
da34e19aed05d2c8231d9c83a2f1157f,2
c041a598043956eaf17c69057efec40f,2
269e54f165c947df898b29e090686e7b,2
21f7d50ec2a6772bf142f5e038b6e5b8,2
026e399e11b6fd31c7f2d2e58a8ff8f9,2
e3330b28fa627102452af4f949a533af,2
26819789a8e1c324df75652219f353be,2
a8a34d090c6c7cfdd07150f5876c5370,2
5ea9d57c78fc064db3a269c397fbd970,2
654397198b9457866795bd555875d08c,2
a34d0c63639068b14f57923eb1af9874,2
5f040db999a7f669fa870b39e3b92cf7,2
98627711cf92f3a2e76cd7bfdf9b0827,2
036f6de553e2dbe085b07965595b45e5,2
d35f9f87c1e75d8d62c36146eb7b693c,2
48938a53195f8e99c2f3e8bbff011f13,2
b0277d2bb3ee44fc761f3791feb0e460,2
27189ec445fc69f6e8d886117c549dda,2
f90a89dacaa368f6030120f8b1381498,2
b7d96e688f0068af30de263153e1a496,2
332495497e176de7d45b2115a4284668,2
18f14d6074708de51896307f069314f5,2
7f11dd6d5c882829b3b759500cda0a5f,2
8d7b176e580e8c7d9d2c91d93443a191,2
74b8e82a4bf0362dbe5ade0332ca43bf,2
9968af3487f0e0e1fcdd1c4e6b87826e,2
d848dca50b10efd071dcde0f05c5368e,2
afe3d5fbcca1b544164ca0385c5e260b,2
be171d4305af14bf58d4365c55228f36,2
07ff410aae98f888525347bc37890435,2
7a3ed851c78569fbb897c7f8d5aae80e,2
fabae25b2a158f4c470f83143fb2c4f0,2
b865a22ee2272ac5cee81778e5654ff5,2
2841cb92eedb7b8160aeea77b8280ca8,2
1c03e75f32e1916e57aa4143f10b3487,2
3af2f91a1fba1fb2fab82460206e7538,2
4a0e141c5c05934ce3b02774e9bc9740,2
219f6ffcac260f280e63544b82be6802,2
97f06af86462b5168a8782882e1eaf5a,2
0590ecda4778f6cc32b110f5de08b48e,2
a7a26e0375210b9e7dcb906e618233ef,2
10246a7504b679578f06cb73dfeebc0e,2
1a5a8df9326633bc8b1f0e338f393f4e,2
51f7ff0ecf4226313d1a43b744afe045,2
1629e3c7051c41737ae57bc1b5506a63,2
da0a3bb8dacfeba5d05e5b0cf7aedb4b,2
e2b1a50f85801e9f55dfe17965c30bdb,2
8e549a42ad96c4c96ee1df06c793ebc5,2
1f3a2d99273fcc349e22f51e890a511a,2
fca3d18bdc5a8c69a6a3603ca7edcf97,2
516ce3d3c650d2c0deda3d7ab68f49c7,2
5eb4d65342d4e1083cb62d6adbb2d931,2
96fb4e5256cb0706e5b5c71362323a97,2
8b1fb94aaa8eb18c878dd35624e8a262,2
14734a42dd8491762c587858c67cf344,2
21ad8876f5322f61003588627fe7c0cd,2
6fb4cfeef1c8343d218d808cd3c211cd,2
6d78d72498fbc77d66bf971c013f3f7e,2
62c0ddaa77488a56e93bc76b4e4a7b69,2
007a7c41bfc73db46758602339c4bd03,2
b1a52de83841615837c05a0b247e452a,2
5879f6f87bdaeca78ec3d8886a2c27c7,2
331f0f141f3dbcc754d480b00f6380ce,2
7e8b13f2b2bb73c8403d52da0285647c,2
fb30433afcb9acb33fd0fcd1f2704c86,2
92297b358ed28bd65dd5a16a5856e316,2
fa661e21cc362d7cb94f3eb884a81227,2
70a708d6d73fc205f14772c6621c70e2,2
9714be5e13a751dfd6a5db7b8080ad2f,2
001e33079d41268595125c6151f62474,2
0b2c4b0536281030461363c18cffe386,2
61badc3f51256e9b95b6206b44904d6b,2
e149b93fbbf9e3ee5c6014b15b7810d2,2
b79baf205f6e326f45db97468cdc63ee,2
2e00565af18d685ff704a568fecab65c,2
7c0698ef3bdafdde947047c780263c30,2
da447354a6d240f8cef4ccba91ccf185,2
192fb8e4ae3fc7afee9a8d75f4cd526e,2
e8fa6fef6b616d52f0927eeec9986b0c,2
3d5a5fe91717dfd7b874c5d570c41f02,2
48b68c3d347ef3a992e9d9e286168a8d,2
f944ef6c47b8bdc6e67aee8b172d4831,2
41f72dff5620a81b1f6f5996c608cd1b,2
18999a0f466f07a970505d8fe961896e,2
c4d8a0d8b65ed2eb51c5033ed44e7cac,2
591f8081ccee6502118ca2c2013b13c4,2
4a8eaffe1435c6822dc8a654609e8a93,2
e14a7d80fc44a5fb7e0219226575fe47,2
987cafb02e800de2d0ae1203de3ad5f8,2
86b8859e182c3e319d2af221ec36b028,2
571fe281354c267c3e6ade3f3cbecd31,2
0ac0cd12854d71c35e57b66593188eae,2
c1a55c5aeb9b05a151334dbd2b9d6a64,2
9623bd8080e6a88ea96f7983032360ef,2
5f0a8037473f4a1fced367317098965f,2
99bd20bb8447221aaf1c7301b36829b8,2
a2f7ea6740a8159b9dc469e60e830f5e,2
5f493f127c98b065bfea3afd382c72d3,2
231ac1dcf478fac75f1bb86154a1aff4,2
39ba46f7ce97575668c7e73db22fd98a,2
15ee26c485d75feede66501cc602dee7,2
f5e6ea078200144b88d0d4b02bb0769c,2
923e787e91b55f46b060445e7308c89a,2
b1ab72e91702966eb707210064b73998,2
1d426de40346fa85e69bb4c7cc11d5ba,2
6af8c4c55c93ee38b8912db4576b3cfc,2
bc94427b0ae4c5a734ef7d32d6a1b9ea,2
2b1d9b24b86b2e49f842bd2c93cb865c,2
674baad2739c09bc9cc759322a0085c7,2
94b8d5a69a04bc931bb2d65ea95fc9b2,2
